Metric,Base Train,Base Test,Best Train,Best Test
MAE,0.0518276559873035,0.15426501114868596,0.17778619272114277,0.19892101542194188
MSE,0.008658546937392812,0.040305045104982895,0.05177736343651706,0.05987522433123868
RMSE,0.09305131346409255,0.2007611643345966,0.22754639842572122,0.2446941444563778
R2,0.9913414530626072,0.9592105873455969,0.9482226365634829,0.9394052226796811
NRMSE,0.015366187024436869,0.03950523966583771,0.03757626179340206,0.0481502528320936
MAPE,23.469826236978545,1149.5479198294115,73.94745975197102,3087.0640382134375
Max Error,0.5523210417944224,0.6769992798993423,0.7234718866223968,0.6625621616460404
